"Guid","CurrencyIsoCode","Name","SBQQ__BillingTermUnit__c","SBQQ__BillingTerm__c","SBQQ__Category__c","SBQQ__Description__c","SBQQ__MatchingAttribute__c","SBQQ__RatingMethod__c","SBQQ__Type__c","SBQQ__UnitOfMeasure__c"
00276534-0d39-47fb-8d1b-9613d90ff74c,USD,UDCI Ingested GB Usage,Month,1.0,Rates,"#N/A",UDCI-GB-2019,Tier,Range,GB
00eccf88-b5bd-4bca-b49d-fc5889969e28,USD,UDCI Ingested GB Usage,Month,1.0,Rates,"#N/A",UDCI-GB-2019,Tier,Range,GB
00fbd4bf-7e56-4100-964b-81ab6be51a7b,USD,UDCI Ingested GB Usage,Month,1.0,Rates,"#N/A",UDCI-GB-2019,Tier,Range,GB
013b5a80-5299-490f-8bbc-aaf9ebc16ea0,USD,UDCI Ingested GB Usage,Month,1.0,Rates,"#N/A",UDCI-GB-2019,Tier,Range,GB
0145de5d-0b57-491b-8517-04fd37ebaf7a,USD,UDCI Ingested GB Usage,Month,1.0,Rates,"#N/A",UDCI-GB-2019,Tier,Range,GB
015aece1-6a32-42ca-833a-457514e1e5a6,USD,UDCI Ingested GB Usage,Month,1.0,Rates,"#N/A",UDCI-GB-2019,Tier,Range,GB
015e1bef-fbd6-43bc-95e6-99c5283a5cb1,USD,UDCI Ingested GB Usage,Month,1.0,Rates,"#N/A",UDCI-GB-2019,Tier,Range,GB
01b2cf55-6bdc-478b-9396-85040807f029,USD,UDCI Ingested GB Usage,Month,1.0,Rates,"#N/A",UDCI-GB-2019,Tier,Range,GB
02f9b674-c0a9-4ed9-af15-7ada14fdc9d6,USD,UDCI Ingested GB Usage,Month,1.0,Rates,"#N/A",UDCI-GB-2019,Tier,Range,GB
03073286-34ba-4340-bfad-75d55333e29d,USD,UDCI Ingested GB Usage,Month,1.0,Rates,"#N/A",UDCI-GB-2019,Tier,Range,GB
03bcd477-f13a-4c2e-bcfb-6a27b1659017,USD,UDCI Ingested GB Usage,Month,1.0,Rates,"#N/A",UDCI-GB-2019,Tier,Range,GB
03daf799-7e02-40a6-96c3-feb78fd116d7,USD,UDCI Ingested GB Usage,Month,1.0,Rates,"#N/A",UDCI-GB-2019,Tier,Range,GB
04c19df2-dacb-4634-828b-0f8c557cfdb8,USD,UDCI Ingested GB Usage,Month,1.0,Rates,"#N/A",UDCI-GB-2019,Tier,Range,GB
05d15ea7-318c-4fd0-b267-498c7b2e1d1e,USD,UDCI Ingested GB Usage,Month,1.0,Rates,"#N/A",UDCI-GB-2019,Tier,Range,GB
0658265f-430c-416f-ba75-f1e77751a7df,USD,UDCI Ingested GB Usage,Month,1.0,Rates,"#N/A",UDCI-GB-2019,Tier,Range,GB
06668af4-3e01-4114-bb90-b1601cba0e7b,USD,UDCI Ingested GB Usage,Month,1.0,Rates,"#N/A",UDCI-GB-2019,Tier,Range,GB
077c4b86-c7c0-463b-9d2f-db3f13b0f84d,USD,UDCI Ingested GB Usage,Month,1.0,Rates,"#N/A",UDCI-GB-2019,Tier,Range,GB
07e0321a-836c-4f82-9cf8-855542f81256,USD,UDCI Ingested GB Usage,Month,1.0,Rates,"#N/A",UDCI-GB-2019,Tier,Range,GB
08967a09-3072-4b98-9051-f2076623f661,USD,UDCI Ingested GB Usage,Month,1.0,Rates,"#N/A",UDCI-GB-2019,Tier,Range,GB
08ed9911-b887-476b-bee7-6107867c1e43,USD,UDCI Ingested GB Usage,Month,1.0,Rates,"#N/A",UDCI-GB-2019,Tier,Range,GB
0a4c8324-364d-45e6-915e-4b68c13506fd,USD,UDCI Ingested GB Usage,Month,1.0,Rates,"#N/A",UDCI-GB-2019,Tier,Range,GB
0a8959e4-0ab4-48fa-bfba-5a7b7245789b,USD,UDCI Ingested GB Usage,Month,1.0,Rates,"#N/A",UDCI-GB-2019,Tier,Range,GB
0abb826f-764e-4d0d-ad04-e399ff9654b7,USD,UDCI Ingested GB Usage,Month,1.0,Rates,"#N/A",UDCI-GB-2019,Tier,Range,GB
0d42b8da-f74e-454d-b256-eb8f757d8cc6,USD,UDCI Ingested GB Usage,Month,1.0,Rates,"#N/A",UDCI-GB-2019,Tier,Range,GB
0d4700be-8df0-4b07-b290-46f10d14b0da,USD,UDCI Ingested GB Usage,Month,1.0,Rates,"#N/A",UDCI-GB-2019,Tier,Range,GB
0daf2600-8b08-45f6-ba1e-b5a5c0bb7d8f,USD,UDCI Ingested GB Usage,Month,1.0,Rates,"#N/A",UDCI-GB-2019,Tier,Range,GB
0e34276e-f367-46e4-9609-b39731977d4d,USD,UDCI Ingested GB Usage,Month,1.0,Rates,"#N/A",UDCI-GB-2019,Tier,Range,GB
0e3de24b-bba2-4569-bf53-0ddc8abe88ec,USD,UDCI Ingested GB Usage,Month,1.0,Rates,"#N/A",UDCI-GB-2019,Tier,Range,GB
0f098f76-0bf6-494b-9665-96740c7ee498,USD,UDCI Ingested GB Usage,Month,1.0,Rates,"#N/A",UDCI-GB-2019,Tier,Range,GB
0f46734f-fa7e-4f55-a419-614b0a393305,USD,UDCI Ingested GB Usage,Month,1.0,Rates,"#N/A",UDCI-GB-2019,Tier,Range,GB
0f680bc8-d79c-4ff5-bb50-d36071833892,USD,UDCI Ingested GB Usage,Month,1.0,Rates,"#N/A",UDCI-GB-2019,Tier,Range,GB
0f6961c3-d0cc-43f7-9c94-dba532a30895,USD,UDCI Ingested GB Usage,Month,1.0,Rates,"#N/A",UDCI-GB-2019,Tier,Range,GB
0fd95cb4-b724-4fc5-a96a-db8fc8946c95,USD,UDCI Ingested GB Usage,Month,1.0,Rates,"#N/A",UDCI-GB-2019,Tier,Range,GB
105e23b0-71b2-4126-a3f0-9fd6cc113415,USD,UDCI Ingested GB Usage,Month,1.0,Rates,"#N/A",UDCI-GB-2019,Tier,Range,GB
106acdee-3283-444d-b2ac-c6e5cfc5098b,USD,UDCI Ingested GB Usage,Month,1.0,Rates,"#N/A",UDCI-GB-2019,Tier,Range,GB
10d4966b-7e66-4302-8ce4-f2c65c22df89,USD,UDCI Ingested GB Usage,Month,1.0,Rates,"#N/A",UDCI-GB-2019,Tier,Range,GB
1120034a-38f0-4fd3-9094-b6ec3a6b14b1,USD,UDCI Ingested GB Usage,Month,1.0,Rates,"#N/A",UDCI-GB-2019,Tier,Range,GB
116699dc-84e7-42df-bd80-31dfd0d617fb,USD,UDCI Ingested GB Usage,Month,1.0,Rates,"#N/A",UDCI-GB-2019,Tier,Range,GB
11de39fb-f5ee-4978-bdbe-080605c70956,USD,UDCI Ingested GB Usage,Month,1.0,Rates,"#N/A",UDCI-GB-2019,Tier,Range,GB
12e67b2c-9730-4b77-865c-8c9e84375c63,USD,UDCI Ingested GB Usage,Month,1.0,Rates,"#N/A",UDCI-GB-2019,Tier,Range,GB
142f8d2f-8193-4574-8963-13185a73af22,USD,UDCI Ingested GB Usage,Month,1.0,Rates,"#N/A",UDCI-GB-2019,Tier,Range,GB
15428563-953d-4aba-ba08-8de38d8c7d28,USD,UDCI Ingested GB Usage,Month,1.0,Rates,"#N/A",UDCI-GB-2019,Tier,Range,GB
159a8f34-77cd-4b7d-ba69-f54e3bc336e7,USD,UDCI Ingested GB Usage,Month,1.0,Rates,"#N/A",UDCI-GB-2019,Tier,Range,GB
15e80109-b31c-49be-8841-76c412c1579d,USD,UDCI Ingested GB Usage,Month,1.0,Rates,"#N/A",UDCI-GB-2019,Tier,Range,GB
16c38ffb-d3af-40e1-a65b-0d50e13c6b45,USD,UDCI Ingested GB Usage,Month,1.0,Rates,"#N/A",UDCI-GB-2019,Tier,Range,GB
17529d57-f0f2-4ee9-9c5e-2e15bbd02b8b,USD,UDCI Ingested GB Usage,Month,1.0,Rates,"#N/A",UDCI-GB-2019,Tier,Range,GB
1765cfd1-eba4-46d6-b1aa-5ea4f001b60b,USD,UDCI Ingested GB Usage,Month,1.0,Rates,"#N/A",UDCI-GB-2019,Tier,Range,GB
17b176fd-8a41-446b-aa3b-6529e6595f33,USD,UDCI Ingested GB Usage,Month,1.0,Rates,"#N/A",UDCI-GB-2019,Tier,Range,GB
17d52bfc-c454-41bd-bd90-bc4277524a13,USD,UDCI Ingested GB Usage,Month,1.0,Rates,"#N/A",UDCI-GB-2019,Tier,Range,GB
17dfedbb-445c-4519-ad64-8a86dd6804a2,USD,UDCI Ingested GB Usage,Month,1.0,Rates,"#N/A",UDCI-GB-2019,Tier,Range,GB
17fa6d11-9a59-486a-a07d-ab861098a38f,USD,UDCI Ingested MB Usage (Slab Pricing),Month,1.0,Rates,"#N/A",UDCI-MB-2019,Tier,Slab,MB
1853fbfc-8ff8-4cd8-9068-f27441b27c4f,USD,UDCI Ingested GB Usage,Month,1.0,Rates,"#N/A",UDCI-GB-2019,Tier,Range,GB
18970a05-4818-439c-9b7d-ee68c43211a0,USD,UDCI Ingested GB Usage,Month,1.0,Rates,"#N/A",UDCI-GB-2019,Tier,Range,GB
18c9cbdd-2bac-473e-8337-5601312b96eb,USD,UDCI Ingested GB Usage,Month,1.0,Rates,"#N/A",UDCI-GB-2019,Tier,Range,GB
1a4dec01-1546-4fd3-8169-a9b0663422cd,USD,UDCI Ingested GB Usage,Month,1.0,Rates,"#N/A",UDCI-GB-2019,Tier,Range,GB
1d6e60d6-15d5-4814-93e1-0667201ff130,USD,UDCI Ingested GB Usage,Month,1.0,Rates,"#N/A",UDCI-GB-2019,Tier,Range,GB
1da3e62a-2d44-486f-a271-5fab351aafa2,USD,UDCI Ingested GB Usage,Month,1.0,Rates,"#N/A",UDCI-GB-2019,Tier,Range,GB
1f40afff-0eb7-4e4a-a9bb-cec133d8a03e,USD,UDCI Ingested GB Usage,Month,1.0,Rates,"#N/A",UDCI-GB-2019,Tier,Range,GB
1f6d9bd9-61ad-4ae5-9cd3-2534a97f2537,USD,UDCI Ingested GB Usage,Month,1.0,Rates,"#N/A",UDCI-GB-2019,Tier,Range,GB
2018a7cd-479d-4e81-b619-128ad458558c,USD,UDCI Ingested GB Usage,Month,1.0,Rates,"#N/A",UDCI-GB-2019,Tier,Range,GB
213d773a-5140-4bf9-a8cb-a2b53819ae2b,USD,UDCI Ingested GB Usage,Month,1.0,Rates,"#N/A",UDCI-GB-2019,Tier,Range,GB
229f0e74-d9dc-423a-9760-bb0d58a6c995,USD,UDCI Ingested GB Usage,Month,1.0,Rates,"#N/A",UDCI-GB-2019,Tier,Range,GB
22c34d98-0d67-449b-8147-b3d714337079,USD,UDCI Ingested GB Usage,Month,1.0,Rates,"#N/A",UDCI-GB-2019,Tier,Range,GB
23e7ca33-2959-4d48-a966-bab9ba91690b,USD,UDCI Ingested GB Usage,Month,1.0,Rates,"#N/A",UDCI-GB-2019,Tier,Range,GB
24061dc3-5447-478a-967b-ddbe48837e11,USD,UDCI Ingested GB Usage,Month,1.0,Rates,"#N/A",UDCI-GB-2019,Tier,Range,GB
24240e8d-150e-4ae0-940b-1156f8365b69,USD,UDCI Ingested GB Usage,Month,1.0,Rates,"#N/A",UDCI-GB-2019,Tier,Range,GB
26ede4b6-fd9d-4e6c-af4f-e719564d1551,USD,UDCI Ingested GB Usage,Month,1.0,Rates,"#N/A",UDCI-GB-2019,Tier,Range,GB
27062ff0-ad05-40af-a14e-0ed584ccabb8,USD,UDCI Ingested GB Usage,Month,1.0,Rates,"#N/A",UDCI-GB-2019,Tier,Range,GB
276c4c38-317f-4d53-b41c-e830a6858817,USD,UDCI Ingested GB Usage,Month,1.0,Rates,"#N/A",UDCI-GB-2019,Tier,Range,GB
27809995-c240-411c-a1f2-03893f3bd66b,USD,UDCI Ingested GB Usage,Month,1.0,Rates,"#N/A",UDCI-GB-2019,Tier,Range,GB
2798a9b9-ea79-44eb-b331-c8a4a49c7ace,USD,UDCI Ingested GB Usage,Month,1.0,Rates,"#N/A",UDCI-GB-2019,Tier,Range,GB
2815fb6a-0a51-46ca-838a-2e65fa5ee504,USD,UDCI Ingested GB Usage,Month,1.0,Rates,"#N/A",UDCI-GB-2019,Tier,Range,GB
29954333-1014-4327-8abc-6b378972fcef,USD,UDCI Ingested GB Usage,Month,1.0,Rates,"#N/A",UDCI-GB-2019,Tier,Range,GB
2a31f641-8582-4102-b970-c16703173ecb,USD,UDCI Ingested GB Usage,Month,1.0,Rates,"#N/A",UDCI-GB-2019,Tier,Range,GB
2aaa5d9a-ba97-4e30-97b3-f37f8edd6ddb,USD,UDCI Ingested GB Usage,Month,1.0,Rates,"#N/A",UDCI-GB-2019,Tier,Range,GB
2c09b5a1-c36d-4be5-85ef-c0f1e9c4c75e,USD,UDCI Ingested GB Usage,Month,1.0,Rates,"#N/A",UDCI-GB-2019,Tier,Range,GB
2c254a73-b004-4d10-94fd-6a596b627237,USD,UDCI Ingested GB Usage,Month,1.0,Rates,"#N/A",UDCI-GB-2019,Tier,Range,GB
2cf76246-ecbf-4811-945e-abbede2d583a,USD,UDCI Ingested GB Usage,Month,1.0,Rates,"#N/A",UDCI-GB-2019,Tier,Range,GB
2daaa87d-7e94-4c44-a024-ee88808a04dc,USD,UDCI Ingested GB Usage,Month,1.0,Rates,"#N/A",UDCI-GB-2019,Tier,Range,GB
2dcd7614-fba1-4060-8e26-bf457f43600a,USD,UDCI Ingested GB Usage,Month,1.0,Rates,"#N/A",UDCI-GB-2019,Tier,Range,GB
2df807b9-b19c-4b43-9aa9-e4b153485359,USD,UDCI Ingested GB Usage,Month,1.0,Rates,"#N/A",UDCI-GB-2019,Tier,Range,GB
2e024470-0a05-4e01-b86b-91f6c20e5e78,USD,UDCI Ingested GB Usage,Month,1.0,Rates,"#N/A",UDCI-GB-2019,Tier,Range,GB
30285886-7035-4288-9ea6-946172e7f840,USD,UDCI Ingested GB Usage,Month,1.0,Rates,"#N/A",UDCI-GB-2019,Tier,Range,GB
306afeb5-09d2-4a39-b174-cab353d4d6f6,USD,UDCI Ingested GB Usage,Month,1.0,Rates,"#N/A",UDCI-GB-2019,Tier,Range,GB
314df708-77bf-4f4a-bdf1-4b3f9109b647,USD,UDCI Ingested GB Usage,Month,1.0,Rates,"#N/A",UDCI-GB-2019,Tier,Range,GB
317d15d7-348d-406a-9054-64b3887c9db9,USD,UDCI Ingested GB Usage,Month,1.0,Rates,"#N/A",UDCI-GB-2019,Tier,Range,GB
319a0f9b-9a98-4077-8634-40ede17ca471,USD,UDCI Ingested GB Usage,Month,1.0,Rates,"#N/A",UDCI-GB-2019,Tier,Range,GB
32577962-1a09-436a-b71a-51e96a19f748,USD,UDCI Ingested GB Usage,Month,1.0,Rates,"#N/A",UDCI-GB-2019,Tier,Range,GB
3304680e-d1cf-4aa6-893a-c7ea2efde495,USD,UDCI Ingested GB Usage,Month,1.0,Rates,"#N/A",UDCI-GB-2019,Tier,Range,GB
33ec79fa-44e8-44a2-a1a7-6fe66236b083,USD,UDCI Ingested GB Usage,Month,1.0,Rates,"#N/A",UDCI-GB-2019,Tier,Range,GB
343b56ae-4094-43a1-b0a4-5523cca04486,USD,UDCI Ingested GB Usage,Month,1.0,Rates,"#N/A",UDCI-GB-2019,Tier,Range,GB
34ca9059-f22c-4ef7-a707-bdb46397586e,USD,UDCI Ingested GB Usage,Month,1.0,Rates,"#N/A",UDCI-GB-2019,Tier,Range,GB
34f69ae3-cbc3-438b-8c5b-29c7826bafec,USD,UDCI Ingested GB Usage,Month,1.0,Rates,"#N/A",UDCI-GB-2019,Tier,Range,GB
3552c489-3308-45f2-b380-32489ebf3f61,USD,UDCI Ingested GB Usage,Month,1.0,Rates,"#N/A",UDCI-GB-2019,Tier,Range,GB
3784ef35-0720-45e7-a917-51c8f99f3bb6,USD,UDCI Ingested GB Usage,Month,1.0,Rates,"#N/A",UDCI-GB-2019,Tier,Range,GB
37ce3bf5-9a50-49a2-868d-4c81aeb1c414,USD,UDCI Ingested GB Usage,Month,1.0,Rates,"#N/A",UDCI-GB-2019,Tier,Range,GB
38173b34-8ee6-44f4-9a47-669e9b6f6c64,USD,UDCI Ingested GB Usage,Month,1.0,Rates,"#N/A",UDCI-GB-2019,Tier,Range,GB
38314e02-044c-4536-825b-b9f6555d4ac8,USD,UDCI Ingested GB Usage,Month,1.0,Rates,"#N/A",UDCI-GB-2019,Tier,Range,GB
38af4f96-ab68-4248-a029-b5300204a491,USD,UDCI Ingested TB Usage (Flat Fee over 2 TB),Month,1.0,Rates,"#N/A",UDCI-TB-2019,Tier,Slab,TB
392da6b0-8fc8-42d4-ab01-87b5cefb7c3f,USD,UDCI Ingested GB Usage,Month,1.0,Rates,"#N/A",UDCI-GB-2019,Tier,Range,GB
3970a2ff-f508-452e-8d25-a0c3b2ff08b9,USD,UDCI Ingested GB Usage,Month,1.0,Rates,"#N/A",UDCI-GB-2019,Tier,Range,GB
397a68e8-3c83-43c6-a519-4e61ecd9cf78,USD,UDCI Ingested GB Usage,Month,1.0,Rates,"#N/A",UDCI-GB-2019,Tier,Range,GB
3a12192f-54a9-45cb-b565-dfaefbf6df3b,USD,UDCI Ingested GB Usage,Month,1.0,Rates,"#N/A",UDCI-GB-2019,Tier,Range,GB
3a6e2986-577b-4334-8665-d2c2b21d1839,USD,UDCI Ingested GB Usage,Month,1.0,Rates,"#N/A",UDCI-GB-2019,Tier,Range,GB
3a7c70a9-12dd-42b5-82c3-e05a92636244,USD,UDCI Ingested GB Usage,Month,1.0,Rates,"#N/A",UDCI-GB-2019,Tier,Range,GB
3b1332e6-337e-49fa-b5a3-f3c470fea607,USD,UDCI Ingested GB Usage,Month,1.0,Rates,"#N/A",UDCI-GB-2019,Tier,Range,GB
3b9a50cb-0937-4bdf-b050-e23200af89c0,USD,UDCI Ingested GB Usage,Month,1.0,Rates,"#N/A",UDCI-GB-2019,Tier,Range,GB
3cc2e4e2-e178-44c5-94c0-360e31cbe37b,USD,UDCI Ingested GB Usage,Month,1.0,Rates,"#N/A",UDCI-GB-2019,Tier,Range,GB
3cfca950-efb0-45df-aafe-c572b5369713,USD,UDCI Ingested GB Usage,Month,1.0,Rates,"#N/A",UDCI-GB-2019,Tier,Range,GB
3d8b7c14-ab7c-40ca-8810-5312e4d0726e,USD,UDCI Ingested GB Usage,Month,1.0,Rates,"#N/A",UDCI-GB-2019,Tier,Range,GB
3db026a0-6bd5-4200-b559-998f3a798dbe,USD,UDCI Ingested GB Usage,Month,1.0,Rates,"#N/A",UDCI-GB-2019,Tier,Range,GB
3e580b4a-a5e7-413e-aaa3-4aedf1fefc24,USD,UDCI Ingested GB Usage,Month,1.0,Rates,"#N/A",UDCI-GB-2019,Tier,Range,GB
3f0975d9-0f5f-4ab5-8fe6-869bd7ef941f,USD,UDCI Ingested GB Usage,Month,1.0,Rates,"#N/A",UDCI-GB-2019,Tier,Range,GB
40183a18-0f29-40ae-b156-e1495fd2df9d,USD,UDCI Ingested GB Usage,Month,1.0,Rates,"#N/A",UDCI-GB-2019,Tier,Range,GB
40359a0e-b7f0-4702-b68a-b27a33a19dc2,USD,UDCI Ingested GB Usage,Month,1.0,Rates,"#N/A",UDCI-GB-2019,Tier,Range,GB
40473ac0-f03a-436a-865e-a2d5ad1fdd4b,USD,UDCI Ingested GB Usage,Month,1.0,Rates,"#N/A",UDCI-GB-2019,Tier,Range,GB
4124be0f-4e36-439e-a4c5-d84ee53cec7e,USD,UDCI Ingested GB Usage,Month,1.0,Rates,"#N/A",UDCI-GB-2019,Tier,Range,GB
41711c67-33a8-44df-bf97-acfc6d8670fa,USD,UDCI Ingested GB Usage,Month,1.0,Rates,"#N/A",UDCI-GB-2019,Tier,Range,GB
41c5cf5b-8f19-446b-b313-44f0bb376e5f,USD,UDCI Ingested GB Usage,Month,1.0,Rates,"#N/A",UDCI-GB-2019,Tier,Range,GB
41ca7b1f-6b7a-42d5-9f62-0f600ee1d087,USD,UDCI Ingested GB Usage,Month,1.0,Rates,"#N/A",UDCI-GB-2019,Tier,Range,GB
41d1721a-fb8f-486b-94a5-5a37df5ad07a,USD,UDCI Ingested GB Usage,Month,1.0,Rates,"#N/A",UDCI-GB-2019,Tier,Range,GB
4254e37b-6160-4dbd-9352-9e2b5eb95059,USD,UDCI Ingested GB Usage,Month,1.0,Rates,"#N/A",UDCI-GB-2019,Tier,Range,GB
439ced7c-0d61-4223-a876-62e99408621e,USD,UDCI Ingested GB Usage,Month,1.0,Rates,"#N/A",UDCI-GB-2019,Tier,Range,GB
43e67d06-bb6e-4739-94fe-28a46956ee49,USD,UDCI Ingested GB Usage,Month,1.0,Rates,"#N/A",UDCI-GB-2019,Tier,Range,GB
4456d5c0-5ba8-4c6f-bcc9-25b4107cb58f,USD,UDCI Ingested GB Usage,Month,1.0,Rates,"#N/A",UDCI-GB-2019,Tier,Range,GB
446a9c9d-38f8-4bf6-acc8-e1f6d809022d,USD,UDCI Ingested GB Usage,Month,1.0,Rates,"#N/A",UDCI-GB-2019,Tier,Range,GB
44e7c2c9-510e-49c9-b93b-be1963a335c5,USD,UDCI Ingested GB Usage,Month,1.0,Rates,"#N/A",UDCI-GB-2019,Tier,Range,GB
46415bb8-9d2c-40ad-8515-dcb60711d392,USD,UDCI Ingested GB Usage,Month,1.0,Rates,"#N/A",UDCI-GB-2019,Tier,Range,GB
47bc54d0-1bff-461e-b909-81ecb98575a8,USD,UDCI Ingested GB Usage,Month,1.0,Rates,"#N/A",UDCI-GB-2019,Tier,Range,GB
47e3501b-8881-4624-8017-6b84a6823750,USD,UDCI Ingested GB Usage,Month,1.0,Rates,"#N/A",UDCI-GB-2019,Tier,Range,GB
4826ce70-7dd5-45bb-ac16-72f96764a082,USD,UDCI Ingested GB Usage,Month,1.0,Rates,"#N/A",UDCI-GB-2019,Tier,Range,GB
491a436f-5387-4a2d-b34a-087b9a0d4e49,USD,UDCI Ingested GB Usage,Month,1.0,Rates,"#N/A",UDCI-GB-2019,Tier,Range,GB
4947240e-b2e1-46fb-8fba-0284ddb52902,USD,UDCI Ingested GB Usage,Month,1.0,Rates,"#N/A",UDCI-GB-2019,Tier,Range,GB
4a62812d-d98d-4237-9eab-2fe7149533f5,USD,UDCI Ingested TB Usage (Flat Fee over 2 TB),Month,1.0,Rates,"#N/A",UDCI-TB-2019,Tier,Slab,TB
4c44646c-b585-4ce4-8e4e-65afa8ce1f5d,USD,UDCI Ingested GB Usage,Month,1.0,Rates,"#N/A",UDCI-GB-2019,Tier,Range,GB
4dde85be-ee58-4262-8a35-90509ddaa924,USD,UDCI Ingested GB Usage,Month,1.0,Rates,"#N/A",UDCI-GB-2019,Tier,Range,GB
4dfbe44c-b103-49d6-ab12-27db11ec4fb4,USD,UDCI Ingested GB Usage,Month,1.0,Rates,"#N/A",UDCI-GB-2019,Tier,Range,GB
4e221628-87b8-4223-a141-9975b5f8991b,USD,UDCI Ingested GB Usage,Month,1.0,Rates,"#N/A",UDCI-GB-2019,Tier,Range,GB
4f1df8a1-dad6-4de6-9360-4524b3ba128b,USD,UDCI Ingested GB Usage,Month,1.0,Rates,"#N/A",UDCI-GB-2019,Tier,Range,GB
4f651349-5bff-4b68-b862-544325f7c19c,USD,UDCI Ingested GB Usage,Month,1.0,Rates,"#N/A",UDCI-GB-2019,Tier,Range,GB
5130e77d-477c-4a4a-bb09-0a737e23febd,USD,UDCI Ingested GB Usage,Month,1.0,Rates,"#N/A",UDCI-GB-2019,Tier,Range,GB
513fb5f4-f323-4793-9526-e310d69b4833,USD,UDCI Ingested GB Usage,Month,1.0,Rates,"#N/A",UDCI-GB-2019,Tier,Range,GB
5382b052-bdd9-4b0f-996f-4c4f4e175b92,USD,UDCI Ingested GB Usage,Month,1.0,Rates,"#N/A",UDCI-GB-2019,Tier,Range,GB
53a4b160-9aad-4e8a-bf3a-1a8205778f6b,USD,UDCI Ingested GB Usage,Month,1.0,Rates,"#N/A",UDCI-GB-2019,Tier,Range,GB
53b5e78c-46d3-4f27-b27b-1ef98c1b6e7c,USD,UDCI Ingested GB Usage,Month,1.0,Rates,"#N/A",UDCI-GB-2019,Tier,Range,GB
53dd267a-e816-45f7-9284-7654d2925b20,USD,UDCI Ingested GB Usage,Month,1.0,Rates,"#N/A",UDCI-GB-2019,Tier,Range,GB
5400bdbb-d68f-4884-ba19-b913ba88b959,USD,UDCI Ingested GB Usage,Month,1.0,Rates,"#N/A",UDCI-GB-2019,Tier,Range,GB
54467f67-f3d1-4e0c-9277-9dcb78deef03,USD,UDCI Ingested GB Usage,Month,1.0,Rates,"#N/A",UDCI-GB-2019,Tier,Range,GB
54cb34ab-190f-45a5-a908-41a97b944325,USD,UDCI Ingested GB Usage,Month,1.0,Rates,"#N/A",UDCI-GB-2019,Tier,Range,GB
558eb586-1341-4d2e-ba1e-13a700286fd6,USD,UDCI Ingested GB Usage,Month,1.0,Rates,"#N/A",UDCI-GB-2019,Tier,Range,GB
55dee011-a377-4c6d-822f-3f52365e5242,USD,UDCI Ingested GB Usage,Month,1.0,Rates,"#N/A",UDCI-GB-2019,Tier,Range,GB
5611b06d-59f5-463f-a826-e26852302006,USD,UDCI Ingested GB Usage,Month,1.0,Rates,"#N/A",UDCI-GB-2019,Tier,Range,GB
569fa2da-1561-4903-a6a6-62bc89d0f0bd,USD,UDCI Ingested GB Usage,Month,1.0,Rates,"#N/A",UDCI-GB-2019,Tier,Range,GB
57e97fe8-c0a9-4b8a-ab5d-81b5c4334c7f,USD,UDCI Ingested GB Usage,Month,1.0,Rates,"#N/A",UDCI-GB-2019,Tier,Range,GB
58833722-a694-40f2-af18-7cc708ca8639,USD,UDCI Ingested GB Usage,Month,1.0,Rates,"#N/A",UDCI-GB-2019,Tier,Range,GB
58b02c0a-4a69-4ac5-b35d-e201adeaf714,USD,UDCI Ingested GB Usage,Month,1.0,Rates,"#N/A",UDCI-GB-2019,Tier,Range,GB
58f26766-b2cc-4468-a4ad-b29b211bcf94,USD,UDCI Ingested GB Usage,Month,1.0,Rates,"#N/A",UDCI-GB-2019,Tier,Range,GB
59887049-879c-4d7f-aaec-add3093d83be,USD,UDCI Ingested GB Usage,Month,1.0,Rates,"#N/A",UDCI-GB-2019,Tier,Range,GB
59f10dd8-129b-466f-8463-feb106c9d8dd,USD,UDCI Ingested GB Usage,Month,1.0,Rates,"#N/A",UDCI-GB-2019,Tier,Range,GB
5a1c7625-8083-431b-82bd-ca060d2fec89,USD,UDCI Ingested GB Usage,Month,1.0,Rates,"#N/A",UDCI-GB-2019,Tier,Range,GB
5a40d228-5415-48a8-8197-b27997feea34,USD,UDCI Ingested GB Usage,Month,1.0,Rates,"#N/A",UDCI-GB-2019,Tier,Range,GB
5a671ac0-91bd-4879-97b0-4cf1a2b33a99,USD,UDCI Ingested GB Usage,Month,1.0,Rates,"#N/A",UDCI-GB-2019,Tier,Range,GB
5a80170a-16db-4879-88c8-8281367f90b3,USD,UDCI Ingested GB Usage,Month,1.0,Rates,"#N/A",UDCI-GB-2019,Tier,Range,GB
5ad09883-f5a2-447d-8e40-1a454af45983,USD,UDCI Ingested GB Usage,Month,1.0,Rates,"#N/A",UDCI-GB-2019,Tier,Range,GB
5f0715ed-6af2-466e-8316-c2cdddff56d5,USD,UDCI Ingested GB Usage,Month,1.0,Rates,"#N/A",UDCI-GB-2019,Tier,Range,GB
62d3eb53-9810-4014-bed1-a046f8646636,USD,UDCI Ingested GB Usage,Month,1.0,Rates,"#N/A",UDCI-GB-2019,Tier,Range,GB
62dbe297-d139-47ae-bf1f-e4d1dfd577ac,USD,UDCI Ingested GB Usage,Month,1.0,Rates,"#N/A",UDCI-GB-2019,Tier,Range,GB
656ba382-c5fc-460d-9e6b-773e1a7eae93,USD,UDCI Ingested GB Usage,Month,1.0,Rates,"#N/A",UDCI-GB-2019,Tier,Range,GB
66b8f207-a143-408a-986d-9cbe09925b77,USD,UDCI Ingested GB Usage,Month,1.0,Rates,"#N/A",UDCI-GB-2019,Tier,Range,GB
67142b27-e95c-4842-9d80-7a0a4cd0f728,USD,UDCI Ingested GB Usage,Month,1.0,Rates,"#N/A",UDCI-GB-2019,Tier,Range,GB
68247eaf-922c-4271-80b5-fae32f76038c,USD,UDCI Ingested GB Usage,Month,1.0,Rates,"#N/A",UDCI-GB-2019,Tier,Range,GB
68c11fcc-e39f-4816-9e22-e0f77c6b58c4,USD,UDCI Ingested GB Usage,Month,1.0,Rates,"#N/A",UDCI-GB-2019,Tier,Range,GB
68d023aa-607d-4f99-9537-0e30ac761cb9,USD,UDCI Ingested GB Usage,Month,1.0,Rates,"#N/A",UDCI-GB-2019,Tier,Range,GB
6947709d-8208-4ae0-9000-abbd953dbb8a,USD,UDCI Ingested TB Usage (Flat Fee over 2 TB),Month,1.0,Rates,"#N/A",UDCI-TB-2019,Tier,Slab,TB
6c95ec79-29d2-484b-9d34-8f70de3eda51,USD,UDCI Ingested GB Usage,Month,1.0,Rates,"#N/A",UDCI-GB-2019,Tier,Range,GB
6cffc723-e6b8-4e33-adfa-050b0d043991,USD,UDCI Ingested GB Usage,Month,1.0,Rates,"#N/A",UDCI-GB-2019,Tier,Range,GB
6d12effe-bc3f-47f0-b0af-ce2dc5b290e9,USD,UDCI Ingested GB Usage,Month,1.0,Rates,"#N/A",UDCI-GB-2019,Tier,Range,GB
6e644b2b-2904-41ee-80d4-316cb6e74498,USD,UDCI Ingested GB Usage,Month,1.0,Rates,"#N/A",UDCI-GB-2019,Tier,Range,GB
6f0237c9-af30-426f-846a-22ffe49f2796,USD,UDCI Ingested GB Usage,Month,1.0,Rates,"#N/A",UDCI-GB-2019,Tier,Range,GB
6f54612a-2e8a-4d03-844e-a6faa97b2a70,USD,UDCI Ingested GB Usage,Month,1.0,Rates,"#N/A",UDCI-GB-2019,Tier,Range,GB
6f575732-2c0d-4a14-9867-481e7b08c85b,USD,UDCI Ingested GB Usage,Month,1.0,Rates,"#N/A",UDCI-GB-2019,Tier,Range,GB
6f7268c1-330e-4f2e-8f3a-a9fe89794806,USD,UDCI Ingested GB Usage,Month,1.0,Rates,"#N/A",UDCI-GB-2019,Tier,Range,GB
6f934e97-cc06-4159-ab35-7fbe64e09e25,USD,UDCI Ingested GB Usage,Month,1.0,Rates,"#N/A",UDCI-GB-2019,Tier,Range,GB
6fe2b14d-dff1-4a81-b949-b4024bea53a4,USD,UDCI Ingested GB Usage,Month,1.0,Rates,"#N/A",UDCI-GB-2019,Tier,Range,GB
71027c0a-5bda-4acc-afce-cba0d4f2e2db,USD,UDCI Ingested GB Usage,Month,1.0,Rates,"#N/A",UDCI-GB-2019,Tier,Range,GB
7157f980-6c43-4412-bb29-7d6a0f535dd0,USD,UDCI Ingested GB Usage,Month,1.0,Rates,"#N/A",UDCI-GB-2019,Tier,Range,GB
720aec70-9079-4129-90fb-fd68d11fd8f5,USD,UDCI Ingested GB Usage,Month,1.0,Rates,"#N/A",UDCI-GB-2019,Tier,Range,GB
731bb4d9-dabd-46dc-81e4-baf5c4f65163,USD,UDCI Ingested GB Usage,Month,1.0,Rates,"#N/A",UDCI-GB-2019,Tier,Range,GB
731d1315-4d17-4c35-8ba6-05d598c969c6,USD,UDCI Ingested GB Usage,Month,1.0,Rates,"#N/A",UDCI-GB-2019,Tier,Range,GB
7324bc74-e270-4c30-84ec-bae44538bedc,USD,UDCI Ingested TB Usage (Flat Fee over 2 TB),Month,1.0,Rates,"#N/A",UDCI-TB-2019,Tier,Slab,TB
735d3331-e574-4376-9cc4-612cd7e6999f,USD,UDCI Ingested GB Usage,Month,1.0,Rates,"#N/A",UDCI-GB-2019,Tier,Range,GB
74345c20-44eb-44da-a1df-0fe8fe4982f5,USD,UDCI Ingested GB Usage,Month,1.0,Rates,"#N/A",UDCI-GB-2019,Tier,Range,GB
74579a77-91d0-4f44-9441-adf2e0910bb5,USD,UDCI Ingested GB Usage,Month,1.0,Rates,"#N/A",UDCI-GB-2019,Tier,Range,GB
74846eb8-98ae-440e-ac84-ea4c882d372c,USD,UDCI Ingested GB Usage,Month,1.0,Rates,"#N/A",UDCI-GB-2019,Tier,Range,GB
752a03c5-92f5-4b59-855f-86f6e4a80065,USD,UDCI Ingested GB Usage,Month,1.0,Rates,"#N/A",UDCI-GB-2019,Tier,Range,GB
75492345-41f6-4450-93b7-408be7b5a251,USD,UDCI Ingested GB Usage,Month,1.0,Rates,"#N/A",UDCI-GB-2019,Tier,Range,GB
761d3087-e232-4066-811e-5675a86168e3,USD,UDCI Ingested GB Usage,Month,1.0,Rates,"#N/A",UDCI-GB-2019,Tier,Range,GB
7668fe99-6f2d-4bbb-a840-64a403d5e864,USD,UDCI Ingested GB Usage,Month,1.0,Rates,"#N/A",UDCI-GB-2019,Tier,Range,GB
76c38537-c608-402b-950c-63be424df682,USD,UDCI Ingested GB Usage,Month,1.0,Rates,"#N/A",UDCI-GB-2019,Tier,Range,GB
7762e1f2-2b41-4776-9810-ce747af1b154,USD,UDCI Ingested GB Usage,Month,1.0,Rates,"#N/A",UDCI-GB-2019,Tier,Range,GB
7855182e-e285-449e-8990-d1b1d721e0f2,USD,UDCI Ingested GB Usage,Month,1.0,Rates,"#N/A",UDCI-GB-2019,Tier,Range,GB
78f0c6bb-a6cb-4bbf-930c-e0329f5441c2,USD,UDCI Ingested GB Usage,Month,1.0,Rates,"#N/A",UDCI-GB-2019,Tier,Range,GB
79c1cde2-1550-42df-b438-5d11e9d446d1,USD,UDCI Ingested GB Usage,Month,1.0,Rates,"#N/A",UDCI-GB-2019,Tier,Range,GB
7a3e3417-3de7-4cf8-95da-a2917b708ab9,USD,UDCI Ingested GB Usage,Month,1.0,Rates,"#N/A",UDCI-GB-2019,Tier,Range,GB
7a4d11a8-9ad4-4da6-bd90-fe194b3fdccd,USD,UDCI Ingested GB Usage,Month,1.0,Rates,"#N/A",UDCI-GB-2019,Tier,Range,GB
7a4ddafc-2694-46aa-a049-95cd7aebac45,USD,UDCI Ingested GB Usage,Month,1.0,Rates,"#N/A",UDCI-GB-2019,Tier,Range,GB
7abcbadd-b666-4ec5-b4d5-25af7b69bb4b,USD,UDCI Ingested GB Usage,Month,1.0,Rates,"#N/A",UDCI-GB-2019,Tier,Range,GB
7afb176d-e159-4347-93d5-11869ff47e0d,USD,UDCI Ingested GB Usage,Month,1.0,Rates,"#N/A",UDCI-GB-2019,Tier,Range,GB
7b360e86-1999-443f-bcd0-db103bdd1992,USD,UDCI Ingested GB Usage,Month,1.0,Rates,"#N/A",UDCI-GB-2019,Tier,Range,GB
7df56067-2de4-4c46-97be-baa5e93b0b98,USD,UDCI Ingested GB Usage,Month,1.0,Rates,"#N/A",UDCI-GB-2019,Tier,Range,GB
7e421476-bac0-47f0-8797-5f565a6510d3,USD,UDCI Ingested GB Usage,Month,1.0,Rates,"#N/A",UDCI-GB-2019,Tier,Range,GB
7e73b54b-95f4-46ad-b303-847b774ed4cc,USD,UDCI Ingested GB Usage,Month,1.0,Rates,"#N/A",UDCI-GB-2019,Tier,Range,GB
7f775d0b-6bbd-4850-ba8e-1433d10fdc4b,USD,UDCI Ingested GB Usage,Month,1.0,Rates,"#N/A",UDCI-GB-2019,Tier,Range,GB
7fd9fed5-3a03-45e6-bb6c-72da826da30c,USD,UDCI Ingested GB Usage,Month,1.0,Rates,"#N/A",UDCI-GB-2019,Tier,Range,GB
804cec5a-d629-4b3f-84bc-a7151202b2b4,USD,UDCI Ingested GB Usage,Month,1.0,Rates,"#N/A",UDCI-GB-2019,Tier,Range,GB
80d6ddd0-ae0a-470f-914a-025f47e411a8,USD,UDCI Ingested GB Usage,Month,1.0,Rates,"#N/A",UDCI-GB-2019,Tier,Range,GB
814b7f4d-10c9-444f-b82c-060e93117872,USD,UDC Ingested GB Usage,Month,12.0,Rates,"#N/A","#N/A",Tier,Range,GB
8196479f-524f-4c84-adba-ac4ca0975a35,USD,UDCI Ingested GB Usage,Month,12.0,Rates,"#N/A",UDCI-GB-2019,Tier,Range,GB
8255da46-1cb4-4390-b3e2-6961cd396391,USD,UDCI Ingested GB Usage,Month,1.0,Rates,"#N/A",UDCI-GB-2019,Tier,Range,GB
82acf39f-4f47-4028-9312-26e7e14366fd,USD,UDCI Ingested GB Usage,Month,1.0,Rates,"#N/A",UDCI-GB-2019,Tier,Range,GB
82b07a3d-d75c-4bff-8eeb-3fc6e63d114c,USD,UDCI Ingested MB Usage (Slab Pricing),Month,1.0,Rates,"#N/A",UDCI-MB-2019,Tier,Slab,MB
83354ba4-e270-4db5-a5f0-b713dc520e0f,USD,UDCI Ingested GB Usage,Month,1.0,Rates,"#N/A",UDCI-GB-2019,Tier,Range,GB
8492ea1f-d963-4c58-b107-9f5fbed28cb1,USD,UDCI Ingested GB Usage,Month,1.0,Rates,"#N/A",UDCI-GB-2019,Tier,Range,GB
86966d65-a8d8-47db-8945-c37f60a6cafe,USD,UDCI Ingested GB Usage,Month,1.0,Rates,"#N/A",UDCI-GB-2019,Tier,Range,GB
86a9c85f-e2c3-4f2e-99e1-22b75ca2e588,USD,UDCI Ingested GB Usage,Month,1.0,Rates,"#N/A",UDCI-GB-2019,Tier,Range,GB
8732a933-4561-45aa-a8c6-f1309f8067f8,USD,UDCI Ingested GB Usage,Month,1.0,Rates,"#N/A",UDCI-GB-2019,Tier,Range,GB
87383ffb-d755-431f-af7b-86205cfdad58,USD,UDCI Ingested GB Usage,Month,1.0,Rates,"#N/A",UDCI-GB-2019,Tier,Range,GB
87478e99-32af-486d-96ec-69b9bd492bbd,USD,UDCI Ingested GB Usage,Month,1.0,Rates,"#N/A",UDCI-GB-2019,Tier,Range,GB
87a6a266-49e3-482a-8697-88784820d260,USD,UDCI Ingested GB Usage,Month,1.0,Rates,"#N/A",UDCI-GB-2019,Tier,Range,GB
8836916d-bbeb-48ff-a704-a09a83b0fa37,USD,UDCI Ingested GB Usage,Month,1.0,Rates,"#N/A",UDCI-GB-2019,Tier,Range,GB
883d99d8-ca80-461d-b610-a8d7349b6af2,USD,UDCI Ingested GB Usage,Month,1.0,Rates,"#N/A",UDCI-GB-2019,Tier,Range,GB
886a479b-7a71-4942-8483-3878430a7a0a,USD,UDCI Ingested GB Usage,Month,1.0,Rates,"#N/A",UDCI-GB-2019,Tier,Range,GB
8956758b-76b9-4f7a-8693-d1a698219564,USD,UDCI Ingested GB Usage,Month,1.0,Rates,"#N/A",UDCI-GB-2019,Tier,Range,GB
89f87c1b-f111-4909-876e-64cf6699338e,USD,UDCI Ingested GB Usage,Month,1.0,Rates,"#N/A",UDCI-GB-2019,Tier,Range,GB
8a08106f-bef3-4a4f-9da4-17bf6f3d0639,USD,UDCI Ingested GB Usage,Month,1.0,Rates,"#N/A",UDCI-GB-2019,Tier,Range,GB
8a2e0908-ab7b-4a54-b3c3-48182e236c6e,USD,UDCI Ingested GB Usage,Month,1.0,Rates,"#N/A",UDCI-GB-2019,Tier,Range,GB
8a5a17b8-d896-4e8c-9e91-d5410d068bcc,USD,UDCI Ingested GB Usage,Month,1.0,Rates,"#N/A",UDCI-GB-2019,Tier,Range,GB
8a697eab-f592-4f4f-89c9-abb7b53f2986,USD,UDCI Ingested GB Usage,Month,1.0,Rates,"#N/A",UDCI-GB-2019,Tier,Range,GB
8b0476fe-261e-4bd7-8c18-33f88ce7b961,USD,UDCI Ingested GB Usage,Month,1.0,Rates,"#N/A",UDCI-GB-2019,Tier,Range,GB
8b2be6ab-a918-4fa7-b447-b2d642e20e81,USD,UDCI Ingested GB Usage,Month,1.0,Rates,"#N/A",UDCI-GB-2019,Tier,Range,GB
8b2bf449-86c5-424c-bca9-aa7870a6e291,USD,UDCI Ingested GB Usage,Month,1.0,Rates,"#N/A",UDCI-GB-2019,Tier,Range,GB
8b5c4fa7-b6df-4844-9281-da08ff39d56c,USD,UDCI Ingested GB Usage,Month,1.0,Rates,"#N/A",UDCI-GB-2019,Tier,Range,GB
8cdb96bb-e640-4643-95dc-e5a4137f0004,USD,UDCI Ingested GB Usage,Month,1.0,Rates,"#N/A",UDCI-GB-2019,Tier,Range,GB
8d2d04aa-edbb-433c-8723-a5c8aad659b1,USD,UDCI Ingested GB Usage,Month,1.0,Rates,"#N/A",UDCI-GB-2019,Tier,Range,GB
8d5d7758-561d-4fe5-b4af-cedfd2781b5f,USD,UDCI Ingested GB Usage,Month,1.0,Rates,"#N/A",UDCI-GB-2019,Tier,Range,GB
8eaad63d-367a-4881-84a9-c01d0f3c8318,USD,UDCI Ingested MB Usage (Slab Pricing),Month,1.0,Rates,"#N/A",UDCI-MB-2019,Tier,Slab,MB
8ead6810-4fb6-4fda-820f-7cc58970f8fd,USD,UDCI Ingested GB Usage,Month,1.0,Rates,"#N/A",UDCI-GB-2019,Tier,Range,GB
8ec2c0ab-db56-40af-b335-a34c325d468b,USD,UDCI Ingested GB Usage,Month,1.0,Rates,"#N/A",UDCI-GB-2019,Tier,Range,GB
8fafadff-e23a-42a9-a411-888a9a944246,USD,UDCI Ingested GB Usage,Month,1.0,Rates,"#N/A",UDCI-GB-2019,Tier,Range,GB
9093a031-bef2-4025-8c4c-b296eebcaf7d,USD,UDCI Ingested GB Usage,Month,1.0,Rates,"#N/A",UDCI-GB-2019,Tier,Range,GB
917748f5-0f3c-48bd-8b69-a41bace0cde6,USD,UDCI Ingested GB Usage,Month,1.0,Rates,"#N/A",UDCI-GB-2019,Tier,Range,GB
917c7af3-37bc-4e32-9f25-8e7f1aa3f4e4,USD,UDCI Ingested GB Usage,Month,1.0,Rates,"#N/A",UDCI-GB-2019,Tier,Range,GB
92ee3701-3c5f-4b25-8408-e3599a413dcb,USD,UDCI Ingested GB Usage,Month,1.0,Rates,"#N/A",UDCI-GB-2019,Tier,Range,GB
92faaa1c-f97b-40db-b4bf-28c8184a0c44,USD,UDCI Ingested GB Usage,Month,1.0,Rates,"#N/A",UDCI-GB-2019,Tier,Range,GB
948ccebb-4283-4dc7-b983-af97dd257ac8,USD,UDCI Ingested GB Usage,Month,1.0,Rates,"#N/A",UDCI-GB-2019,Tier,Range,GB
94fb2c45-af1e-4fcf-b4ea-423b02e4e5d2,USD,UDCI Ingested GB Usage,Month,1.0,Rates,"#N/A",UDCI-GB-2019,Tier,Range,GB
951554de-e07c-43ab-8257-a586bc776ca5,USD,UDCI Ingested GB Usage,Month,1.0,Rates,"#N/A",UDCI-GB-2019,Tier,Range,GB
953ff562-bf19-48cd-b1d9-d382d004f1dd,USD,UDCI Ingested GB Usage,Month,1.0,Rates,"#N/A",UDCI-GB-2019,Tier,Range,GB
95535c72-37b8-46d9-87c7-116de8325401,USD,UDCI Ingested GB Usage,Month,1.0,Rates,"#N/A",UDCI-GB-2019,Tier,Range,GB
95b900d4-cd77-4361-85f0-afec89f63912,USD,UDCI Ingested GB Usage,Month,1.0,Rates,"#N/A",UDCI-GB-2019,Tier,Range,GB
96debf86-f6fd-4e77-867a-0101f4e1f236,USD,UDCI Ingested GB Usage,Month,1.0,Rates,"#N/A",UDCI-GB-2019,Tier,Range,GB
970ca423-10c5-487e-82e4-e738b38a629a,USD,UDCI Ingested GB Usage,Month,1.0,Rates,"#N/A",UDCI-GB-2019,Tier,Range,GB
97527c60-63aa-40ad-84f0-7a5792e73b85,USD,UDCI Ingested GB Usage,Month,1.0,Rates,"#N/A",UDCI-GB-2019,Tier,Range,GB
979c6c23-1a09-415b-8a1f-9144d83d9d7c,USD,UDCI Ingested GB Usage,Month,1.0,Rates,"#N/A",UDCI-GB-2019,Tier,Range,GB
9802b5c6-4624-47f4-8644-28bae2ee3d05,USD,UDCI Ingested GB Usage,Month,1.0,Rates,"#N/A",UDCI-GB-2019,Tier,Range,GB
983ccac2-6676-4d11-bebb-49a101da430d,USD,UDCI Ingested GB Usage,Month,1.0,Rates,"#N/A",UDCI-GB-2019,Tier,Range,GB
99579206-c52d-4f42-9dbe-2b20da20e6ac,USD,UDCI Ingested GB Usage,Month,1.0,Rates,"#N/A",UDCI-GB-2019,Tier,Range,GB
9a3984b9-3b85-465b-9c1f-181b4a9d7b88,USD,UDCI Ingested GB Usage,Month,1.0,Rates,"#N/A",UDCI-GB-2019,Tier,Range,GB
9aa32c80-8aa3-41dc-912d-506a18aa5e3f,USD,UDCI Ingested GB Usage,Month,1.0,Rates,"#N/A",UDCI-GB-2019,Tier,Range,GB
9ad6eda8-67da-4fe1-95d3-fe43d8565176,USD,UDCI Ingested GB Usage,Month,1.0,Rates,"#N/A",UDCI-GB-2019,Tier,Range,GB
9ae29238-8c38-4c54-8f07-8492e2e96783,USD,UDCI Ingested GB Usage,Month,1.0,Rates,"#N/A",UDCI-GB-2019,Tier,Range,GB
9b68bf6c-933f-4ff8-90bc-58272aa955e8,USD,UDCI Ingested GB Usage,Month,1.0,Rates,"#N/A",UDCI-GB-2019,Tier,Range,GB
9bc7aa53-639f-48a0-b8b6-de79f2e552e4,USD,UDCI Ingested GB Usage,Month,1.0,Rates,"#N/A",UDCI-GB-2019,Tier,Range,GB
9c3c28b3-36b7-4d53-81e1-e9c672c613c4,USD,UDCI Ingested GB Usage,Month,1.0,Rates,"#N/A",UDCI-GB-2019,Tier,Range,GB
9c570f8a-5464-4296-99f6-6ee5205cf0fd,USD,UDCI Ingested GB Usage,Month,1.0,Rates,"#N/A",UDCI-GB-2019,Tier,Range,GB
9ca157e1-4f8c-4aa2-a01a-c14793f17840,USD,UDCI Ingested GB Usage,Month,1.0,Rates,"#N/A",UDCI-GB-2019,Tier,Range,GB
9d19223c-9f4d-42e1-ba28-1c0d2726c774,USD,UDCI Ingested GB Usage,Month,1.0,Rates,"#N/A",UDCI-GB-2019,Tier,Range,GB
9ed95149-9b05-4557-9cef-df5374548076,USD,UDCI Ingested GB Usage,Month,1.0,Rates,"#N/A",UDCI-GB-2019,Tier,Range,GB
9ff802af-422d-4446-ab8e-25ab638c2e25,USD,UDCI Ingested GB Usage,Month,1.0,Rates,"#N/A",UDCI-GB-2019,Tier,Range,GB
a00369af-de12-49db-a08e-11f994e56beb,USD,UDCI Ingested GB Usage,Month,1.0,Rates,"#N/A",UDCI-GB-2019,Tier,Range,GB
a09a2bd9-0ac6-46e5-979d-4467167001dc,USD,UDCI Ingested GB Usage,Month,1.0,Rates,"#N/A",UDCI-GB-2019,Tier,Range,GB
a102b5f5-c982-4844-a8dd-1035bdbf8a3f,USD,UDCI Ingested GB Usage,Month,1.0,Rates,"#N/A",UDCI-GB-2019,Tier,Range,GB
a1172833-2810-4fd1-b7d3-4a9ff5d28719,USD,UDCI Ingested GB Usage,Month,1.0,Rates,"#N/A",UDCI-GB-2019,Tier,Range,GB
a134b2ed-b91e-47ca-9507-8498e4c62a76,USD,UDCI Ingested GB Usage,Month,1.0,Rates,"#N/A",UDCI-GB-2019,Tier,Range,GB
a1bab3f1-143e-4522-994c-0374f10c3311,USD,UDCI Ingested GB Usage,Month,1.0,Rates,"#N/A",UDCI-GB-2019,Tier,Range,GB
a32cb998-053f-441d-a765-fa37400b5859,USD,UDCI Ingested GB Usage,Month,1.0,Rates,"#N/A",UDCI-GB-2019,Tier,Range,GB
a3787161-8eb2-403e-9a20-39e8de2fec99,USD,UDCI Ingested GB Usage,Month,1.0,Rates,"#N/A",UDCI-GB-2019,Tier,Range,GB
a43d6584-3348-40df-90f9-72fb8ac2ecee,USD,UDCI Ingested GB Usage,Month,1.0,Rates,"#N/A",UDCI-GB-2019,Tier,Range,GB
a4b36a70-9023-4f80-be4e-70477a17b19b,USD,UDCI Ingested GB Usage,Month,1.0,Rates,"#N/A",UDCI-GB-2019,Tier,Range,GB
a4b4b17e-b8c6-4242-996c-992511be75b0,USD,UDCI Ingested GB Usage,Month,1.0,Rates,"#N/A",UDCI-GB-2019,Tier,Range,GB
a4bdaf24-32cc-4fce-9a91-3fdb0f1c7197,USD,UDCI Ingested GB Usage,Month,1.0,Rates,"#N/A",UDCI-GB-2019,Tier,Range,GB
a54564ff-65c8-4221-b0bf-22e78fd7aff4,USD,UDCI Ingested GB Usage,Month,1.0,Rates,"#N/A",UDCI-GB-2019,Tier,Range,GB
a64c1b80-0731-4e5e-b310-9ebc025d20f6,USD,UDCI Ingested GB Usage,Month,1.0,Rates,"#N/A",UDCI-GB-2019,Tier,Range,GB
a6709d04-0452-4c2d-8fdb-b61ebf8b2458,USD,UDCI Ingested GB Usage,Month,1.0,Rates,"#N/A",UDCI-GB-2019,Tier,Range,GB
a695fffd-ae59-4807-af29-4cba0a101dd0,USD,UDCI Ingested TB Usage (Flat Fee over 2 TB),Month,1.0,Rates,"#N/A",UDCI-TB-2019,Tier,Slab,TB
a6c1a3f7-31a2-4c52-b3bc-1b23f68fe312,USD,UDCI Ingested GB Usage,Month,1.0,Rates,"#N/A",UDCI-GB-2019,Tier,Range,GB
a6c90801-3853-4083-a297-4ae50051afa4,USD,UDCI Ingested GB Usage,Month,1.0,Rates,"#N/A",UDCI-GB-2019,Tier,Range,GB
a951f6fa-7b14-458a-b394-22e8dbc54a03,USD,UDCI Ingested GB Usage,Month,1.0,Rates,"#N/A",UDCI-GB-2019,Tier,Range,GB
a989f7c6-9852-4d3a-9aa1-bc53d6fdbdb2,USD,UDCI Ingested GB Usage,Month,1.0,Rates,"#N/A",UDCI-GB-2019,Tier,Range,GB
a998544b-6e2a-4b51-b0fd-f28904eb87e3,USD,UDCI Ingested GB Usage,Month,1.0,Rates,"#N/A",UDCI-GB-2019,Tier,Range,GB
aabcd987-9e46-4ecb-a43f-c68c93dd638f,USD,UDCI Ingested GB Usage,Month,1.0,Rates,"#N/A",UDCI-GB-2019,Tier,Range,GB
ab1394d2-30af-42c1-910c-5d7ed43eb541,USD,UDCI Ingested GB Usage,Month,1.0,Rates,"#N/A",UDCI-GB-2019,Tier,Range,GB
ab4dcd30-7169-4563-b936-deb21f3c9c8d,USD,UDCI Ingested GB Usage,Month,1.0,Rates,"#N/A",UDCI-GB-2019,Tier,Range,GB
ab6733a2-b30f-4e0b-81c6-2bdf96c24eca,USD,UDCI Ingested GB Usage,Month,1.0,Rates,"#N/A",UDCI-GB-2019,Tier,Range,GB
ad10b8f2-9560-44f0-9324-b1f32f213b81,USD,UDCI Ingested GB Usage,Month,1.0,Rates,"#N/A",UDCI-GB-2019,Tier,Range,GB
ad8d8725-a470-46c6-83c6-d85dfc3d5220,USD,UDCI Ingested GB Usage,Month,1.0,Rates,"#N/A",UDCI-GB-2019,Tier,Range,GB
ae4ffb80-a42d-4d2f-ad75-a8487e707d6b,USD,UDCI Ingested GB Usage,Month,1.0,Rates,"#N/A",UDCI-GB-2019,Tier,Range,GB
ae681265-e885-422c-85ba-75d3993e1d15,USD,UDCI Ingested GB Usage,Month,1.0,Rates,"#N/A",UDCI-GB-2019,Tier,Range,GB
aee79394-25c7-4809-a5ff-6e5be3f7e6c7,USD,UDCI Ingested GB Usage,Month,1.0,Rates,"#N/A",UDCI-GB-2019,Tier,Range,GB
af64368a-6968-4ac2-92eb-5ed3977fb4b2,USD,UDCI Ingested GB Usage,Month,1.0,Rates,"#N/A",UDCI-GB-2019,Tier,Range,GB
b067bacd-86ea-43af-80dc-44ae02fae705,USD,UDCI Ingested GB Usage,Month,1.0,Rates,"#N/A",UDCI-GB-2019,Tier,Range,GB
b095cd66-177c-49ff-a043-9ce82c790bc4,USD,UDCI Ingested GB Usage,Month,1.0,Rates,"#N/A",UDCI-GB-2019,Tier,Range,GB
b1107c3a-1029-46c1-ba6d-8870e7460ff2,USD,UDCI Ingested GB Usage,Month,1.0,Rates,"#N/A",UDCI-GB-2019,Tier,Range,GB
b170b494-ea6a-4479-a84a-70bb941d430a,USD,UDCI Ingested GB Usage,Month,1.0,Rates,"#N/A",UDCI-GB-2019,Tier,Range,GB
b25a3668-22f3-44d8-b607-0808ab2fbe7c,USD,UDCI Ingested GB Usage,Month,1.0,Rates,"#N/A",UDCI-GB-2019,Tier,Range,GB
b4b64ab7-56be-4f73-a230-1addf876b305,USD,UDCI Ingested GB Usage,Month,1.0,Rates,"#N/A",UDCI-GB-2019,Tier,Range,GB
b4d9f43f-3575-4589-ab6f-0406da092a48,USD,UDCI Ingested GB Usage,Month,1.0,Rates,"#N/A",UDCI-GB-2019,Tier,Range,GB
b4dd38fd-e0be-440a-a17c-2aba88244547,USD,UDCI Ingested GB Usage,Month,1.0,Rates,"#N/A",UDCI-GB-2019,Tier,Range,GB
b4f3944e-86b0-494e-abaa-0585bfd609a4,USD,UDCI Ingested GB Usage,Month,1.0,Rates,"#N/A",UDCI-GB-2019,Tier,Range,GB
b537bd37-a1c0-436c-a081-3ffc44d24d3f,USD,UDCI Ingested GB Usage,Month,1.0,Rates,"#N/A",UDCI-GB-2019,Tier,Range,GB
b5641f1f-2292-4df3-ac63-c904997091a9,USD,UDCI Ingested GB Usage,Month,1.0,Rates,"#N/A",UDCI-GB-2019,Tier,Range,GB
b5e80d9d-0d9c-4466-97a1-e9990cd8d1bb,USD,UDCI Ingested GB Usage,Month,1.0,Rates,"#N/A",UDCI-GB-2019,Tier,Range,GB
b7f543dc-cf54-430c-a8ff-e3d9f16c8f74,USD,UDCI Ingested GB Usage,Month,1.0,Rates,"#N/A",UDCI-GB-2019,Tier,Range,GB
b82bb5c7-09c6-4179-836f-4a37873ddd47,USD,UDCI Ingested GB Usage,Month,1.0,Rates,"#N/A",UDCI-GB-2019,Tier,Range,GB
b96d5bd5-72ce-40a9-94cc-b4f700d681e8,USD,UDCI Ingested GB Usage,Month,1.0,Rates,"#N/A",UDCI-GB-2019,Tier,Range,GB
b97187dd-f85f-4ef8-8cb9-0706638bbdae,USD,UDCI Ingested GB Usage,Month,1.0,Rates,"#N/A",UDCI-GB-2019,Tier,Range,GB
b97f5eaa-cc45-4d7c-90ab-004701105fd2,USD,UDCI Ingested GB Usage,Month,1.0,Rates,"#N/A",UDCI-GB-2019,Tier,Range,GB
ba30cb2a-ff63-4a03-a76b-93b2a8d3dedf,USD,UDCI Ingested GB Usage,Month,1.0,Rates,"#N/A",UDCI-GB-2019,Tier,Range,GB
bcd2e3b0-efaa-40a3-bcd1-d8951e85d568,USD,UDCI Ingested GB Usage,Month,1.0,Rates,"#N/A",UDCI-GB-2019,Tier,Range,GB
bcd67dcd-8ff6-4b7c-8ab1-c5c1a1c433d5,USD,UDCI Ingested GB Usage,Month,1.0,Rates,"#N/A",UDCI-GB-2019,Tier,Range,GB
bfaad67a-d5b1-459f-9b14-060de296998a,USD,UDCI Ingested GB Usage,Month,1.0,Rates,"#N/A",UDCI-GB-2019,Tier,Range,GB
bffae704-85b8-419d-a933-826bd33b7eca,USD,UDCI Ingested GB Usage,Month,1.0,Rates,"#N/A",UDCI-GB-2019,Tier,Range,GB
c0a9d492-1830-4dc5-8caa-3211c94b981a,USD,UDCI Ingested GB Usage,Month,1.0,Rates,"#N/A",UDCI-GB-2019,Tier,Range,GB
c11d3b4b-cebb-4ef2-a59a-80a31df82656,USD,UDCI Ingested GB Usage,Month,1.0,Rates,"#N/A",UDCI-GB-2019,Tier,Range,GB
c2ddc916-abbc-4a89-ad94-c0caa4f6ad0b,USD,UDCI Ingested GB Usage,Month,1.0,Rates,"#N/A",UDCI-GB-2019,Tier,Range,GB
c3c05d4c-bc3f-4a24-aa55-33c8ea00d152,USD,UDCI Ingested GB Usage,Month,1.0,Rates,"#N/A",UDCI-GB-2019,Tier,Range,GB
c4e171b5-a29b-49c4-9d7c-77715cfb71f6,USD,UDCI Ingested GB Usage,Month,1.0,Rates,"#N/A",UDCI-GB-2019,Tier,Range,GB
c5b37486-2fd0-4c32-a116-0ed7097281ce,USD,UDCI Ingested GB Usage,Month,1.0,Rates,"#N/A",UDCI-GB-2019,Tier,Range,GB
c5be62ce-e3f1-47e7-b788-e9aebd07f1b5,USD,UDCI Ingested GB Usage,Month,1.0,Rates,"#N/A",UDCI-GB-2019,Tier,Range,GB
c623eaa4-32ae-4e43-aa08-201da5bba421,USD,UDCI Ingested GB Usage,Month,1.0,Rates,"#N/A",UDCI-GB-2019,Tier,Range,GB
c780b9af-a99e-4b6c-b9c0-478c817f05ab,USD,UDCI Ingested GB Usage,Month,1.0,Rates,"#N/A",UDCI-GB-2019,Tier,Range,GB
c7ea0e15-69b2-4eaf-adc6-0be148a864f7,USD,UDCI Ingested GB Usage,Month,1.0,Rates,"#N/A",UDCI-GB-2019,Tier,Range,GB
c7eba513-6c9c-4585-b931-080e55951c66,USD,UDCI Ingested GB Usage,Month,1.0,Rates,"#N/A",UDCI-GB-2019,Tier,Range,GB
c8125493-e707-4f90-a5c5-a4bc2a7d5e38,USD,UDCI Ingested GB Usage,Month,1.0,Rates,"#N/A",UDCI-GB-2019,Tier,Range,GB
c8a2da42-82e5-4929-b48b-fc1c0ea456b6,USD,UDCI Ingested GB Usage,Month,1.0,Rates,"#N/A",UDCI-GB-2019,Tier,Range,GB
c9fe6aee-30c7-4eee-9a00-ea6f58e87380,USD,UDCI Ingested GB Usage,Month,1.0,Rates,"#N/A",UDCI-GB-2019,Tier,Range,GB
caf854d7-9a80-413d-aa67-f1c8eac84c58,USD,UDCI Ingested GB Usage,Month,1.0,Rates,"#N/A",UDCI-GB-2019,Tier,Range,GB
cbc09072-fb2b-4a3e-9071-b3cd609cd623,USD,UDCI Ingested GB Usage,Month,1.0,Rates,"#N/A",UDCI-GB-2019,Tier,Range,GB
ccb5ae1f-b8aa-4640-ab1b-95dcd3a76622,USD,UDCI Ingested GB Usage,Month,1.0,Rates,"#N/A",UDCI-GB-2019,Tier,Range,GB
cccc6c7c-b58a-4ba9-9904-2ea7de718e2e,USD,UDCI Ingested GB Usage,Month,1.0,Rates,"#N/A",UDCI-GB-2019,Tier,Range,GB
cd133fd2-da93-4963-b48b-71bc25764d03,USD,UDCI Ingested GB Usage,Month,1.0,Rates,"#N/A",UDCI-GB-2019,Tier,Range,GB
cd59fcb8-74f4-4e62-85e5-98b12e4ea0ab,USD,UDCI Ingested GB Usage,Month,1.0,Rates,"#N/A",UDCI-GB-2019,Tier,Range,GB
cdcd52c8-94d0-4286-843e-ddf1e4499c15,USD,UDCI Ingested GB Usage,Month,1.0,Rates,"#N/A",UDCI-GB-2019,Tier,Range,GB
cf548e5e-93f9-43b1-8c5c-df502a67b21b,USD,UDCI Ingested GB Usage,Month,1.0,Rates,"#N/A",UDCI-GB-2019,Tier,Range,GB
d109bf8e-77dd-41d7-b979-1f797620cb52,USD,UDCI Ingested GB Usage,Month,1.0,Rates,"#N/A",UDCI-GB-2019,Tier,Range,GB
d2e00867-fbff-45e3-aa4c-9ea166928038,USD,UDCI Ingested GB Usage,Month,1.0,Rates,"#N/A",UDCI-GB-2019,Tier,Range,GB
d2ed59f5-af36-4c19-a106-bf3ee16e1563,USD,UDCI Ingested GB Usage,Month,1.0,Rates,"#N/A",UDCI-GB-2019,Tier,Range,GB
d2fcef7f-0092-47d9-9796-dde737beeda1,USD,UDCI Ingested GB Usage,Month,1.0,Rates,"#N/A",UDCI-GB-2019,Tier,Range,GB
d549cf99-59c3-4065-a515-5c8e5a6b8466,USD,UDCI Ingested GB Usage,Month,1.0,Rates,"#N/A",UDCI-GB-2019,Tier,Range,GB
d55b75dd-7771-43fe-8005-ca2489f7d528,USD,UDCI Ingested GB Usage,Month,1.0,Rates,"#N/A",UDCI-GB-2019,Tier,Range,GB
d5951f04-1f46-4057-a9db-3ac8017f6ea3,USD,UDCI Ingested GB Usage,Month,1.0,Rates,"#N/A",UDCI-GB-2019,Tier,Range,GB
d63f24d0-4cbe-4e96-93ef-a9bc236d42f4,USD,UDCI Ingested GB Usage,Month,1.0,Rates,"#N/A",UDCI-GB-2019,Tier,Range,GB
d6dc2afd-d07a-4e50-9880-66c0d0f2b0fa,USD,UDCI Ingested GB Usage,Month,1.0,Rates,"#N/A",UDCI-GB-2019,Tier,Range,GB
d896cd12-dda0-4ed1-8151-7b799a257c76,USD,UDCI Ingested GB Usage,Month,1.0,Rates,"#N/A",UDCI-GB-2019,Tier,Range,GB
da2dff67-d23c-4d26-8c53-6dc8628fad5b,USD,UDCI Ingested GB Usage,Month,1.0,Rates,"#N/A",UDCI-GB-2019,Tier,Range,GB
dc36963f-a37a-4797-a514-a6ef7efbc6d4,USD,UDCI Ingested GB Usage,Month,1.0,Rates,"#N/A",UDCI-GB-2019,Tier,Range,GB
dd1e242a-a8bc-40ef-a905-22635297122f,USD,UDCI Ingested GB Usage,Month,1.0,Rates,"#N/A",UDCI-GB-2019,Tier,Range,GB
ddd2530a-e7a3-4861-b413-274bc7d71474,USD,UDCI Ingested GB Usage,Month,1.0,Rates,"#N/A",UDCI-GB-2019,Tier,Range,GB
ddee08b3-b9f8-462e-8167-e26ec5c843e7,USD,UDCI Ingested GB Usage,Month,1.0,Rates,"#N/A",UDCI-GB-2019,Tier,Range,GB
de4d8223-b028-47ac-a74d-b6caba4998f7,USD,UDCI Ingested GB Usage,Month,1.0,Rates,"#N/A",UDCI-GB-2019,Tier,Range,GB
de824e04-8269-4a65-ab15-912d7c9d3ab8,USD,UDCI Ingested GB Usage,Month,1.0,Rates,"#N/A",UDCI-GB-2019,Tier,Range,GB
de856000-7442-4548-b5a2-d8047226fa78,USD,UDCI Ingested MB Usage (Slab Pricing),Month,1.0,Rates,"#N/A",UDCI-MB-2019,Tier,Slab,MB
de94ea1c-d85f-4f2f-912e-e736f0bd7f6b,USD,UDCI Ingested GB Usage,Month,1.0,Rates,"#N/A",UDCI-GB-2019,Tier,Range,GB
df2207ec-888b-4ba8-a695-b0fe55cb07e0,USD,UDCI Ingested GB Usage,Month,1.0,Rates,"#N/A",UDCI-GB-2019,Tier,Range,GB
df50cde2-4c71-4972-a715-b0f98011cfeb,USD,UDCI Ingested GB Usage,Month,1.0,Rates,"#N/A",UDCI-GB-2019,Tier,Range,GB
df6fcd57-d114-4919-9a0c-15cd06cef9eb,USD,UDCI Ingested GB Usage,Month,1.0,Rates,"#N/A",UDCI-GB-2019,Tier,Range,GB
df721c93-0fb0-445a-819e-5bd5a209eb3d,USD,UDCI Ingested GB Usage,Month,1.0,Rates,"#N/A",UDCI-GB-2019,Tier,Range,GB
e0631c6e-2691-4a79-9f5b-6f1783e17d7f,USD,UDCI Ingested GB Usage,Month,1.0,Rates,"#N/A",UDCI-GB-2019,Tier,Range,GB
e0b7bcb8-f8c0-4ed1-91cd-3b28daef94da,USD,UDCI Ingested GB Usage,Month,1.0,Rates,"#N/A",UDCI-GB-2019,Tier,Range,GB
e0e72b1e-9940-4c15-af5a-a2771b1fef94,USD,UDCI Ingested GB Usage,Month,1.0,Rates,"#N/A",UDCI-GB-2019,Tier,Range,GB
e1549d38-8b89-4a2c-8141-ad2358c4ea8a,USD,UDCI Ingested GB Usage,Month,1.0,Rates,"#N/A",UDCI-GB-2019,Tier,Range,GB
e26b135f-5dfd-46bf-a278-ccb109a42a82,USD,UDCI Ingested GB Usage,Month,1.0,Rates,"#N/A",UDCI-GB-2019,Tier,Range,GB
e6b1e5a3-0600-4aab-95e3-ed205de555fe,USD,UDCI Ingested GB Usage,Month,1.0,Rates,"#N/A",UDCI-GB-2019,Tier,Range,GB
e6cccdb0-762c-4d4b-acff-304615d1a0ce,USD,UDCI Ingested GB Usage,Month,1.0,Rates,"#N/A",UDCI-GB-2019,Tier,Range,GB
e71fe06a-4995-4e8c-a94a-9c63ee6dd354,USD,UDCI Ingested GB Usage,Month,1.0,Rates,"#N/A",UDCI-GB-2019,Tier,Range,GB
e7e6b7a1-ab84-484c-a2ce-337eabcd3c5b,USD,UDCI Ingested GB Usage,Month,1.0,Rates,"#N/A",UDCI-GB-2019,Tier,Range,GB
e899b887-5df1-4e80-9bfe-41f2c10795a5,USD,UDCI Ingested GB Usage,Month,1.0,Rates,"#N/A",UDCI-GB-2019,Tier,Range,GB
e8aaa8dd-8fd8-4d78-bece-65791ea202f5,USD,UDCI Ingested GB Usage,Month,1.0,Rates,"#N/A",UDCI-GB-2019,Tier,Range,GB
e9a32c80-f3cf-498f-a1d5-3926e498e448,USD,UDCI Ingested GB Usage,Month,1.0,Rates,"#N/A",UDCI-GB-2019,Tier,Range,GB
e9fac364-e7aa-4cdc-a419-849f35683c2d,USD,UDCI Ingested GB Usage,Month,1.0,Rates,"#N/A",UDCI-GB-2019,Tier,Range,GB
ea34e737-0b41-47b8-ae7d-1faa0651566f,USD,UDCI Ingested GB Usage,Month,1.0,Rates,"#N/A",UDCI-GB-2019,Tier,Range,GB
ea8d639d-b200-4b1f-9d48-b6beb9ce5c74,USD,UDCI Ingested GB Usage,Month,1.0,Rates,"#N/A",UDCI-GB-2019,Tier,Range,GB
eb4cb13e-f7bf-462c-87ff-3c9655584993,USD,UDCI Ingested GB Usage,Month,1.0,Rates,"#N/A",UDCI-GB-2019,Tier,Range,GB
eb7fd16d-168c-45f6-aec9-92cfa62e1285,USD,UDCI Ingested GB Usage,Month,1.0,Rates,"#N/A",UDCI-GB-2019,Tier,Range,GB
ebbd8ef3-0b19-4d12-9081-e67b0f3a05b0,USD,UDCI Ingested GB Usage,Month,1.0,Rates,"#N/A",UDCI-GB-2019,Tier,Range,GB
ebd39482-c693-4242-9fad-8d99501d8d86,USD,UDCI Ingested GB Usage,Month,1.0,Rates,"#N/A",UDCI-GB-2019,Tier,Range,GB
ed524ba7-f7b3-4bfd-af67-b734b70f7ca0,USD,UDCI Ingested GB Usage,Month,1.0,Rates,"#N/A",UDCI-GB-2019,Tier,Range,GB
ee58f0e5-e464-4e0d-a271-726f7e62bf38,USD,UDCI Ingested GB Usage,Month,1.0,Rates,"#N/A",UDCI-GB-2019,Tier,Range,GB
eef91537-0736-4056-8513-999397d9287b,USD,UDCI Ingested GB Usage,Month,1.0,Rates,"#N/A",UDCI-GB-2019,Tier,Range,GB
f0805b63-0ab3-4727-a2b4-69fcc97489fe,USD,UDCI Ingested GB Usage,Month,1.0,Rates,"#N/A",UDCI-GB-2019,Tier,Range,GB
f132f477-29fd-4da0-94ca-0fb1df3a24e7,USD,UDCI Ingested GB Usage,Month,1.0,Rates,"#N/A",UDCI-GB-2019,Tier,Range,GB
f1845237-74fc-4e52-85a8-d7303646cfde,USD,UDCI Ingested GB Usage,Month,1.0,Rates,"#N/A",UDCI-GB-2019,Tier,Range,GB
f1e7ba35-70fa-4546-b7b7-aad50d147c4d,USD,UDCI Ingested GB Usage,Month,1.0,Rates,"#N/A",UDCI-GB-2019,Tier,Range,GB
f277bdcd-55ec-46c3-86fa-c81144136190,USD,UDCI Ingested GB Usage,Month,1.0,Rates,"#N/A",UDCI-GB-2019,Tier,Range,GB
f37a5601-b6df-4cfa-9152-c136946fb368,USD,UDCI Ingested GB Usage,Month,1.0,Rates,"#N/A",UDCI-GB-2019,Tier,Range,GB
f38afe1b-1d04-4ab7-a794-24cd3f6e516e,USD,UDCI Ingested GB Usage,Month,1.0,Rates,"#N/A",UDCI-GB-2019,Tier,Range,GB
f394ce1d-6b8c-40a6-aaab-3c9f7abb390d,USD,UDCI Ingested GB Usage,Month,1.0,Rates,"#N/A",UDCI-GB-2019,Tier,Range,GB
f4eb7832-e5e5-4b05-a645-da0e103682b1,USD,UDCI Ingested GB Usage,Month,1.0,Rates,"#N/A",UDCI-GB-2019,Tier,Range,GB
f53d60a6-9ef4-4ec2-9e3a-50fea0def16d,USD,UDCI Ingested GB Usage,Month,1.0,Rates,"#N/A",UDCI-GB-2019,Tier,Range,GB
f5fe1850-3f12-4430-94cf-e25dac6f9b36,USD,UDCI Ingested GB Usage,Month,1.0,Rates,"#N/A",UDCI-GB-2019,Tier,Range,GB
f60f2c0a-3f01-4f65-8c9c-c154d05f5148,USD,UDCI Ingested GB Usage,Month,1.0,Rates,"#N/A",UDCI-GB-2019,Tier,Range,GB
f745c064-f03c-4777-b16f-f84549d3575e,USD,UDCI Ingested GB Usage,Month,1.0,Rates,"#N/A",UDCI-GB-2019,Tier,Range,GB
f76b1882-ab54-48a2-b63d-2909b8dc1090,USD,UDCI Ingested MB Usage (Slab Pricing),Month,1.0,Rates,"#N/A",UDCI-MB-2019,Tier,Slab,MB
f78378b7-8601-4b75-80cb-98a8b139ab82,USD,UDCI Ingested GB Usage,Month,1.0,Rates,"#N/A",UDCI-GB-2019,Tier,Range,GB
f81f827a-f4cb-4ab2-a3ca-2cf7e5a2f4ed,USD,UDCI Ingested GB Usage,Month,1.0,Rates,"#N/A",UDCI-GB-2019,Tier,Range,GB
f8ce1469-834d-49bf-8a73-02c3f20988f6,USD,UDCI Ingested GB Usage,Month,1.0,Rates,"#N/A",UDCI-GB-2019,Tier,Range,GB
fabcdef8-b6fe-4c8d-9999-4470f6780d2a,USD,UDCI Ingested GB Usage,Month,12.0,Rates,"#N/A",UDCI-GB-2019,Tier,Range,GB
fb7f1313-3732-4eab-bed2-58a2f805099d,USD,UDCI Ingested GB Usage,Month,1.0,Rates,"#N/A",UDCI-GB-2019,Tier,Range,GB
fbd3c499-f08f-4c33-92ee-6565e42ccb42,USD,UDCI Ingested GB Usage,Month,1.0,Rates,"#N/A",UDCI-GB-2019,Tier,Range,GB
fc5fe086-888e-4d80-9ac3-dac33caf3b23,USD,UDCI Ingested GB Usage,Month,1.0,Rates,"#N/A",UDCI-GB-2019,Tier,Range,GB
fcd56e5f-add7-47bb-8979-e42dd4805c1f,USD,UDCI Ingested GB Usage,Month,1.0,Rates,"#N/A",UDCI-GB-2019,Tier,Range,GB
fd19a3eb-f9c3-4005-99cb-74e64719ba64,USD,UDCI Ingested GB Usage,Month,1.0,Rates,"#N/A",UDCI-GB-2019,Tier,Range,GB
fd1f23c1-35e3-4f19-835c-59b0e00db189,USD,UDCI Ingested GB Usage,Month,1.0,Rates,"#N/A",UDCI-GB-2019,Tier,Range,GB
ff21ee9b-26f9-4f34-951a-b5da21051622,USD,UDCI Ingested GB Usage,Month,1.0,Rates,"#N/A",UDCI-GB-2019,Tier,Range,GB
ff7e8e16-9644-45da-81e9-964bf688673e,USD,UDCI Ingested GB Usage,Month,1.0,Rates,"#N/A",UDCI-GB-2019,Tier,Range,GB
ff8715d1-8b27-44c2-a816-1dd6ba55ef0b,USD,UDCI Ingested GB Usage,Month,1.0,Rates,"#N/A",UDCI-GB-2019,Tier,Range,GB
