"Guid","CurrencyIsoCode","Name","SBQQ__MethodName__c","SBQQ__Version__c"
01764f71-6dda-4b1e-a142-286c3c0145f3,USD,a0N3h000000wOIZ,SBQQ.InstallProcessorBatchAssetCombineKey,226.8
06178354-fedf-4079-86bb-f4ec8b01bfa9,USD,a0N3h0000018X8N,SBQQ.InstallProcessorBatchRegularPrice,224.9
0e5af803-3fd6-48a1-841a-03c37007d9c3,USD,a0N3h000000wOIo,SBQQ.SummaryVarRefFieldGenerator,226.8
11b75c66-8d49-474f-ace6-b2f0f44df4e5,USD,a0N3h000000wOJI,SBQQ.RootIdSetterParentSubscriptions,226.8
1781f3c5-e083-414c-bf49-842e1b79558d,USD,a0N3h0000018XB0,SBQQ.ProductRuleRefFieldGenerator,224.9
20b6768e-b17b-4c47-9e6e-8d7f458f832b,USD,a0N3h000000wOJ3,SBQQ.CustomActionRefFieldGenerator,226.8
2ccb4319-8659-440e-9dc8-c6bebf2fdb82,USD,a0N3h000000wOIj,SBQQ.DiscountScheduleRefFieldGenerator,226.8
2d485fb9-98c4-4d3e-a82e-ad167a3fce4c,USD,a0N3h0000018XBU,SBQQ.RootIdSetterParentAssets,224.9
3447f7c7-b46b-46a4-b56f-83071d9a9672,USD,a0N3h000000wOJ8,SBQQ.ProductRefFieldGenerator,226.8
37e18d77-88d1-4393-9d52-f94339ad7956,USD,a0N3h0000018XAc,SBQQ.InstallProcessorBatchHasCS,224.9
3a0fa3c4-2998-408b-8730-00cb4a8e67ae,USD,a0N3h0000017NS0,createViewConsumptionScheduleLineAction,218.11
3b8d9f66-4714-4f2b-812f-eb285a521f34,USD,a0N3h000000wOIA,SBQQ.BatchablePluginTranspileUtil,226.8
44be171f-5f27-49ce-a0cf-b97fbc2afcf4,USD,a0N3h0000018X9d,SBQQ.BatchableDSExclusionGenerator,224.9
4d3e02d2-cb81-49f9-809c-33d3ff0caf1b,USD,a0N3h0000018XBF,SBQQ.ProductRefFieldGenerator,224.9
51bc50f8-ff76-46fb-8e90-36924ffc86f5,USD,a0N3h0000018X8Y,CalculatorReferencedFieldRemover,224.9
53582a39-97e4-41b4-ba50-781e9a3b540f,USD,a0N3h0000017NRy,createSubscribedQuoteLinesForOrderPOT,212.9
5a564610-5d03-4a8b-9f40-5fa629a5ebfd,USD,a0N3h000000wOIK,SBQQ.InstallProcessorBatchLocalizationIndex,226.8
5c144eff-95b9-4394-a596-35b6bd065606,USD,a0N3h0000018XBA,SBQQ.CustomActionRefFieldGenerator,224.9
5d52ae23-7f83-44b8-99c9-cbae78b5d249,USD,a0N3h0000017NRz,createViewRateCardLineAction,216.10
62854a21-dbb1-40a8-b948-8a5f9c71e04d,USD,a0N3h0000018XBe,SBQQ.RootIdSetterChildAssets,224.9
6f2c7c25-0865-4961-a8e5-e82f445ffbaf,USD,a0N3h000000wOIy,SBQQ.PriceRuleRefFieldGenerator,226.8
73f47708-3fd4-434c-aabb-54a839636ee9,USD,a0N3h000000wOJT,SBQQ.RootIdSetterChildAssets,226.8
7938b684-73d3-4095-9e2f-e7c611183b19,USD,a0N3h0000017NRv,createCommunityDetailPageActions2,26.16
7a2daf52-2e44-43f1-b75f-32336618b0e2,USD,a0N3h0000018XBZ,SBQQ.RootIdSetterChildSubscriptions,224.9
7af51816-4baf-4361-a6d5-c4ba1ed6110d,USD,a0N3h0000017NRu,createCustomActionsOnQLE,26.16
7c3a8644-de79-46a1-8908-45934f0c0c00,USD,a0N3h0000018XBK,SBQQ.BatchableConfigAttrReferencedFieldUtil,224.9
7e5ee082-4799-42a9-8a74-abd382844a31,USD,a0N3h0000018X8F,createConfiguratorEditRulesAction,224.9
813c390f-6675-4b07-9cee-b0f385020760,USD,a0N3h000000wOIe,SBQQ.ReferencedFieldRemover,226.8
8b5a6ed5-14c4-4d62-ae41-24bf43b0d3c2,USD,a0N3h0000018XAv,SBQQ.SummaryVarRefFieldGenerator,224.9
8f275bb0-d159-40bb-be1f-d1928d4871db,USD,a0N3h0000018X8h,SBQQ.ReferencedFieldRemover,224.9
907560e4-7d64-459d-a7c6-99ecf13fc5d1,USD,a0N3h000000wOIF,SBQQ.InstallProcessorBatchRequiredByAsset,226.8
944799a3-2f10-45a2-a323-83a5ec88ece9,USD,a0N3h000000wOI0,SBQQ.BatchableDSExclusionGenerator,226.8
966b98f6-d297-41b0-a8d9-ce84b96aa8af,USD,a0N3h0000018X8G,enableFlagToPreventBackdatedAmendments,224.9
a1c59621-f66c-4b57-8f86-2af0a17989a8,USD,a0N3h000000wOJD,SBQQ.BatchableConfigAttrReferencedFieldUtil,226.8
a649a855-2e58-4ebb-9470-8a65ad2689f7,USD,a0N3h0000018X8D,createAmendSubscriptionsCustomQleAction,224.9
aaeac315-00e9-4c85-9933-16648bb50313,USD,a0N3h0000018XB5,SBQQ.PriceRuleRefFieldGenerator,224.9
ab813783-4743-4f48-a334-8ad2599b8ecc,USD,a0N3h0000018X8I,SBQQ.BatchablePluginTranspileUtil,224.9
abb58291-0380-4c2f-90cd-d18053449b8c,USD,a0N3h000000wOIU,SBQQ.InstallProcessorBatchThemeGenerator,226.8
acd4d6a0-eaad-4ca9-ac12-7890217b0508,USD,a0N3h0000017NRx,updateOIsWithAssetsContractsSubs,210.8
b20f17d8-08dc-40e2-958e-798ca4073d07,USD,a0N3h0000018X8S,SBQQ.InstallProcessorBatchLocalizationIndex,224.9
b5fd2844-904d-423c-bf5e-dfbebd64478c,USD,a0N3h0000017NS1,InstallProcessorBatchHasCS,218.11
bbd0f883-cfb9-4691-afd4-100b4bfc4437,USD,a0N3h0000018X8E,viewPricingGuidanceLineAction,224.9
c87941e5-cce9-4651-b080-82b58293e396,USD,a0N3h000000wOIt,SBQQ.ProductRuleRefFieldGenerator,226.8
ca042a7e-fae7-4c85-99be-516e25cb9289,USD,a0N3h000000wOI5,SBQQ.InstallProcessorBatchRegularPrice,226.8
ca13784c-ac04-462c-bf16-78d64cd361e0,USD,a0N3h0000018XBP,SBQQ.RootIdSetterParentSubscriptions,224.9
ccb62b92-376a-44de-aff8-3fad5f928113,USD,a0N3h0000018X90,SBQQ.DiscountScheduleRefFieldGenerator,224.9
d2b8770e-ad58-4bb7-84c8-5eb4a752447b,USD,a0N3h0000018X8Z,SBQQ.InstallProcessorBatchThemeGenerator,224.9
d35b28b3-ae63-41ac-b3a7-c1063829a1a4,USD,a0N3h000000wOJN,SBQQ.RootIdSetterParentAssets,226.8
e8f08423-5943-41c6-891c-9b79dd1a0612,USD,a0N3h0000018X8X,SBQQ.InstallProcessorBatchRequiredByAsset,224.9
ebb2b03c-84ac-44b5-bf28-089e3dfcdd04,USD,a0N3h0000017NRw,createExternalConfiguratorCustomAction,26.16
ed28ffd9-2470-4822-8663-a5a7f545eb80,USD,a0N3h000000wOJS,SBQQ.RootIdSetterChildSubscriptions,226.8
ef353ca5-35fc-4a08-b0d2-0193efa149eb,USD,a0N3h0000018X8c,SBQQ.InstallProcessorBatchAssetCombineKey,224.9
f005ea9b-1e6b-4a27-8989-74885e3f650f,USD,a0N3h000000wOIP,CalculatorReferencedFieldRemover,226.8
